,antecedents,consequents,support,antecedent support,consequent support,confidence,lift,leverage,conviction,certainty,adjusted_support,adjusted_antecedent_support,adjusted_consequent_support,adjusted_confidence,adjusted_lift,adjusted_leverage,adjusted_conviction,adjusted_certainty
0,frozenset({'ayam goreng'}),frozenset({'nasi putih'}),0.002681590299638568,0.004780226186312231,0.00018726314545889117,0.5609756097560975,14.319904181184667,0.0026806951394469144,2.2773512339464546,0.5607883466106386,0.0030467611604185984,0.005431182938137501,0.04027023446814148,0.5609756097560976,13.930279204107832,0.002828046150060432,2.1860511326003444,0.5207053752879561
1,frozenset({'nasi putih'}),frozenset({'mie'}),0.025183630640083946,0.039174536551241694,0.007686923751397897,0.6428571428571429,3.2761650114591294,0.0248824989646182,2.7784766134960863,0.635170219105745,0.02549274164994689,0.03965537589991738,0.19697863802667295,0.6428571428571429,3.2635881194898575,0.017681479714745416,2.248459813525316,0.44587850483047
2,frozenset({'nasi goreng'}),frozenset({'teh'}),0.01142590649411216,0.022502040340445378,0.0067975733382411065,0.5077720207253886,1.6808802090936543,0.011272947224637923,2.0177691404812577,0.5009744473871475,0.011666666666666667,0.022976190476190476,0.30142857142857143,0.5077720207253886,1.684551727524986,0.004740986394557823,1.4192030075187971,0.2063434492968172
3,frozenset({'soto ayam'}),frozenset({'teh'}),0.010259997668182348,0.011542497376705142,0.0034868381372324844,0.8888888888888888,2.942493245851023,0.010219750848130347,8.968618456764904,0.8854020507516563,0.170873786407767,0.19223300970873786,0.4524271844660194,0.8888888888888888,1.964711492608488,0.08390234706381373,4.928155339805823,0.4364617044228694
4,"frozenset({'air putih', 'nasi putih'})",frozenset({'mie'}),0.001049317943336831,0.0018654541214876998,0.00036604398816180464,0.5625,2.866644385026738,0.0010486351050704688,2.2848776137413447,0.5621339560118382,0.0010621975687477871,0.0018883512333293993,0.19697863802667295,0.5625,2.855639604553625,0.0006902327146905739,1.835477398796176,0.3655213619733271
5,"frozenset({'teh', 'ayam goreng'})",frozenset({'nasi putih'}),0.001049317943336831,0.0015156814737087559,5.937611929184353e-05,0.6923076923076924,17.672390109890113,0.0010492279480528398,3.2498070276123023,0.6922483161884005,0.0011922108888594515,0.0017220823950192079,0.04027023446814148,0.6923076923076923,17.19154858299595,0.0011228622270385694,3.11912173797854,0.6520374578395508
6,"frozenset({'kerupuk', 'cireng isi'})",frozenset({'gorengan'}),0.0013990905911157748,0.0027981811822315496,0.000709903492192591,0.5,1.9708180147058822,0.001397104152522721,1.9985801930156148,0.4992900965078074,0.0014273819436184131,0.0028547638872368263,0.25276555251576066,0.5,1.9781176470588235,0.0007057959723589561,1.4944688949684788,0.24723444748423934
7,"frozenset({'sayur harian', 'cireng isi'})",frozenset({'gorengan'}),0.002564999417045587,0.005013407951498193,0.0012719104235117253,0.5116279069767442,2.0166509917920656,0.00255862281121476,2.045014659609,0.5103559965532325,0.0026054002842254855,0.005092373282804358,0.2528422548555187,0.5116279069767442,2.023506344970318,0.0013178331408352315,1.529894430533938,0.2587856521212255
8,"frozenset({'nasi putih', 'cireng isi'})",frozenset({'mie'}),0.002564999417045587,0.003497726477789437,0.0006863324778033838,0.7333333333333333,3.737254901960784,0.002562598813765407,3.7474262532082365,0.7326470008555299,0.002615000594318317,0.0035659099013431593,0.19446095328658028,0.7333333333333333,3.7711083944580275,0.0019215703555690708,3.0207714251753233,0.538872380046753
9,"frozenset({'mie', 'cireng isi'})",frozenset({'teh'}),0.013641133263378805,0.021919085927480472,0.006621470402017243,0.6223404255319149,2.0601365610911753,0.013495996684670719,2.6303544164002925,0.6157189551298977,0.013870776526378185,0.02228808535862478,0.3016004742145821,0.6223404255319149,2.063459704937776,0.007148679412881868,1.849283251375473,0.32073995131733285
10,"frozenset({'nasi goreng', 'cireng isi'})",frozenset({'teh'}),0.0016322723563017372,0.00279818118223155,0.0008452940938745418,0.5833333333333333,1.9310111925897335,0.001629907070274806,2.3979712941747007,0.5824880392394587,0.0016700465227245617,0.0028629368960992486,0.3016819754264583,0.5833333333333334,1.933603532357981,0.0008063500643880474,1.6759632589765001,0.28165135790687507
11,"frozenset({'nasi putih', 'cireng isi'})",frozenset({'teh'}),0.0022152267692666433,0.003497726477789437,0.0010566176173431772,0.6333333333333333,2.096526437668854,0.002211531009849563,2.7243910428617912,0.6322767157159901,0.002258409604184001,0.0035659099013431593,0.3015571139902532,0.6333333333333333,2.100210222047037,0.0011830841055856893,1.9048442345720367,0.3317762193430801
12,"frozenset({'sosis goreng', 'cireng isi'})",frozenset({'teh'}),0.002098635886673662,0.004080680890754343,0.0012327205535670402,0.5142857142857142,1.702442520813806,0.002093605547467081,2.0562855753308913,0.5130529937321472,0.0021309340594293834,0.004143482893334912,0.30129039895821,0.5142857142857142,1.7069435868650011,0.0008825424454199896,1.438519766850744,0.2129953153275042
13,"frozenset({'kerupuk', 'es jeruk'})",frozenset({'penyetan'}),0.002448408534452606,0.004197271773347324,0.0008417054273239359,0.5833333333333334,2.9088662790697675,0.002444875668021026,2.3979799069744225,0.5824916279060094,0.00246449947189297,0.004224856237530807,0.20044595704729493,0.5833333333333334,2.9101775956284155,0.0016176441199738743,1.9189297030864922,0.3828873762860384
14,"frozenset({'es jeruk', 'nasi putih'})",frozenset({'mie'}),0.0016322723563017372,0.0022152267692666433,0.000434677235942143,0.736842105263158,3.7551365043625107,0.0016313094476526873,3.7983482265034207,0.7364074280272158,0.0016523073291632244,0.002242417089578662,0.19697863802667295,0.7368421052631579,3.740720885497146,0.0012105990649702838,3.0514811754986426,0.5398634672364849
15,"frozenset({'es jeruk', 'nasi goreng'})",frozenset({'penyetan'}),0.0012824997085227935,0.002331817651859625,0.0004676141262910755,0.5499999999999999,2.742645348837209,0.0012814093176488491,2.221183079719353,0.5495323858737089,0.0013095238095238095,0.002380952380952381,0.19988095238095238,0.55,2.7516378796902923,0.0008336167800453514,1.7780423280423283,0.35011904761904766
16,"frozenset({'float', 'nasi putih'})",frozenset({'mie'}),0.0031479538300104933,0.0033811355951964554,0.0006634547285432709,0.9310344827586208,4.744790706251153,0.003145710599612014,14.490379906436141,0.9303710280300775,0.0038178733031674207,0.004100678733031674,0.18707579185520362,0.9310344827586207,4.976776917663617,0.003050735582041727,11.787401018099542,0.743958690903417
17,"frozenset({'french fries', 'nasi putih'})",frozenset({'mie'}),0.0013990905911157748,0.0015156814737087559,0.00029741074038146627,0.9230769230769231,4.704236939531057,0.0013986398111664965,12.99613366037505,0.9227795123365417,0.0014162634249970496,0.001534285377080137,0.19697863802667295,0.9230769230769231,4.686177812600821,0.0011140419810755637,10.439277705653259,0.7260982850502502
18,"frozenset({'french fries', 'mie'})",frozenset({'teh'}),0.004197271773347324,0.007694998251136762,0.0023245587581549897,0.5454545454545454,1.8056208554085822,0.004179384297768657,2.194885970732059,0.5431299866963905,0.004213483146067416,0.007724719101123595,0.3018492509363296,0.5454545454545454,1.8070428989389826,0.0018817824716997012,1.5359316479400749,0.24360529451821583
19,"frozenset({'french fries', 'penyetan'})",frozenset({'teh'}),0.004780226186312231,0.008161361781508687,0.00246544110713408,0.5857142857142857,1.938892870926835,0.004760104829485906,2.4078420387069177,0.5832488446071517,0.004788041574214644,0.00817470512670793,0.30211374518276307,0.5857142857142857,1.9387210779170578,0.002318350792620178,1.6845530288691926,0.28360054053152267
20,"frozenset({'french fries', 'risol mayo'})",frozenset({'tahu krispy'}),0.001049317943336831,0.0018654541214876998,0.00010091765330188791,0.5625,10.39776400862069,0.0010491296860845483,2.285483616792453,0.5623990823466981,0.0036319612590799033,0.00645682001614205,0.044794188861985475,0.5625,12.557432432432432,0.0033427332438289883,2.1833275683154616,0.5177058111380145
21,"frozenset({'risol mayo', 'tahu krispy'})",frozenset({'french fries'}),0.001049317943336831,0.0016322723563017372,7.174614414431094e-05,0.6428571428571429,14.625426297840093,0.0010492008340890731,2.799799110796396,0.6427853967129986,0.0036319612590799033,0.005649717514124294,0.05084745762711865,0.6428571428571429,12.642857142857142,0.0033446874871752783,2.657627118644068,0.5920096852300243
22,"frozenset({'french fries', 'sayur harian'})",frozenset({'teh'}),0.001049317943336831,0.0016322723563017372,0.0004930882214268159,0.6428571428571429,2.128053151017258,0.001048513089063778,2.798619352980005,0.6423640546357161,0.001050542780436559,0.0016341776584568694,0.30197268588770865,0.6428571428571429,2.1288585786073226,0.0005570657636946515,1.954476479514416,0.34088445696943426
23,"frozenset({'french fries', 'sosis goreng'})",frozenset({'teh'}),0.0027981811822315496,0.005479771481870118,0.001655367600504311,0.5106382978723404,1.6903684603825024,0.0027891101460622942,2.0400955531641864,0.508982930271836,0.0028011204481792717,0.005485527544351073,0.3018207282913165,0.5106382978723404,1.6918596040874758,0.0011454745296811538,1.42671416392644,0.20881756958102388
24,"frozenset({'nasi putih', 'gorengan'})",frozenset({'mie'}),0.008394543546694649,0.01142590649411216,0.0022420194274910535,0.7346938775510204,3.744188584524719,0.008368926442358152,3.7607800806194573,0.7324518581235294,0.008497580549982297,0.01156615130414257,0.19697863802667295,0.7346938775510204,3.729814993702694,0.0062192958188818665,3.026772825899464,0.5377152395243475
25,"frozenset({'mie', 'gorengan'})",frozenset({'teh'}),0.023201585636003264,0.04278885391162411,0.012925955518831533,0.5422343324250681,1.794960968432964,0.02264849881363983,2.1562867519320763,0.5293083769062366,0.02329119850187266,0.04295411985018727,0.3018492509363296,0.5422343324250681,1.796374616611005,0.010325529600464308,1.5251269339664706,0.24038508148873855
26,"frozenset({'nasi goreng', 'gorengan'})",frozenset({'teh'}),0.0033811355951964554,0.006762271190392911,0.002042794060196809,0.5,1.6551524507912003,0.0033673216677752808,1.9959144118796064,0.4979572059398032,0.0034523809523809524,0.006904761904761905,0.30142857142857143,0.5,1.6587677725118484,0.0013710884353741498,1.3971428571428572,0.19857142857142857
27,"frozenset({'tahu krispy', 'gorengan'})",frozenset({'teh'}),0.003614317360382418,0.007228634720764836,0.0021836764091758996,0.5,1.6551524507912003,0.003598532361272134,1.9956326471816481,0.4978163235908241,0.003619381202568593,0.007238762405137186,0.3018096906012843,0.5,1.6566731141199225,0.0014346525607379303,1.3963806187974313,0.19819030939871568
28,"frozenset({'kerupuk', 'teh'})",frozenset({'penyetan'}),0.0031479538300104933,0.0061793167774280055,0.00123917743467135,0.5094339622641509,2.5403576129881524,0.0031402965600982186,2.0359355229216316,0.5081947848294796,0.0031656700668308124,0.006214093094149373,0.20060968460546372,0.5094339622641509,2.5394285588258,0.0019190628111045165,1.629526412150401,0.30882427765868725
29,"frozenset({'nasi putih', 'nasi goreng'})",frozenset({'mie'}),0.0013990905911157748,0.0015156814737087559,0.00029741074038146627,0.9230769230769231,4.704236939531057,0.0013986398111664965,12.99613366037505,0.9227795123365417,0.0014285714285714286,0.0015476190476190477,0.19488095238095238,0.9230769230769231,4.73661951975941,0.001126969954648526,10.466547619047626,0.7281959706959708
30,"frozenset({'mie', 'nasi goreng'})",frozenset({'teh'}),0.003497726477789437,0.0060627258948350235,0.0018314705367281736,0.576923076923077,1.9097912893744622,0.0034866227739407877,2.3593074332768245,0.5750916063863488,0.0035714285714285713,0.006190476190476191,0.30142857142857143,0.5769230769230769,1.913962814436748,0.001705442176870748,1.651168831168831,0.27549450549450544
31,"frozenset({'penyetan', 'nasi putih'})",frozenset({'mie'}),0.00466363530371925,0.00676227119039291,0.0013269094570865418,0.6896551724137933,3.5146597824082617,0.0046546623821253335,3.2179466250827224,0.6883282629567067,0.004720878083323498,0.006845273220819072,0.19697863802667295,0.6896551724137931,3.501167331253487,0.0033725054873661,2.58751327746961,0.4926765343871202
32,"frozenset({'sosis goreng', 'nasi putih'})",frozenset({'mie'}),0.0011659088259298124,0.0022152267692666433,0.00043467723594214306,0.5263157894736843,2.682240360258936,0.0011649459172807625,2.110193459168567,0.5258811122377421,0.0011802195208308745,0.002242417089578662,0.19697863802667295,0.5263157894736842,2.6719434896408187,0.0007385112566379338,1.6952673197214683,0.32933715144701126
33,"frozenset({'tahu krispy', 'nasi putih'})",frozenset({'mie'}),0.001982045004080681,0.002448408534452606,0.00048043273446236873,0.8095238095238095,4.125541125541125,0.001980868708473393,5.247477728144073,0.8090433767893471,0.0020063731854124867,0.0024784609937448365,0.19697863802667295,0.8095238095238095,4.1097035578761165,0.0015181693144623945,4.215862150359968,0.6125451714971366
34,"frozenset({'teh', 'nasi putih'})",frozenset({'mie'}),0.01422408767634371,0.017372041506354203,0.0034087846397568063,0.8187919463087249,4.172773929584036,0.014164870128095633,5.49970707735838,0.8153831616689681,0.01439867815413667,0.01758527086038003,0.19697863802667295,0.8187919463087249,4.156755039588871,0.010934755450728872,4.4314882568157685,0.621813308282052
35,"frozenset({'mie', 'nasi putih'})",frozenset({'teh'}),0.01422408767634371,0.025183630640083946,0.007607646844870876,0.5648148148148148,1.8697092499678374,0.014032499508162282,2.280390939164977,0.5572071679699439,0.01439867815413667,0.02549274164994689,0.3017821314764546,0.5648148148148148,1.8715979373977027,0.006705424241837107,1.6044155276711254,0.26303268333836016
36,"frozenset({'mie', 'telur'})",frozenset({'nasi putih'}),0.0013990905911157748,0.002098635886673662,8.22130882502449e-05,0.6666666666666666,17.017857142857142,0.0013989180557784186,2.999753360735249,0.6665844535784163,0.0014289116456299119,0.0021433674684448677,0.039056918313884255,0.6666666666666666,17.06910569105691,0.0013451983174982238,2.882829245058347,0.6276097483527824
37,"frozenset({'penyetan', 'mie'})",frozenset({'teh'}),0.016789087093389297,0.024950448874897984,0.00753720567038133,0.6728971962616822,2.2274948870461015,0.016601030428650857,3.034100542664834,0.6653599905913009,0.016853932584269662,0.025046816479400748,0.3018492509363296,0.6728971962616822,2.2292491837378106,0.009293569791622831,2.134346575708935,0.3710479453253526
38,"frozenset({'sayur harian', 'mie'})",frozenset({'teh'}),0.002681590299638568,0.004080680890754343,0.0012327205535670402,0.657142857142857,2.175343221039863,0.0026765599604319868,2.913071231718762,0.65591013658929,0.0026919475655430712,0.004096441947565543,0.3018492509363296,0.6571428571428571,2.177056444912203,0.0014554396321662532,2.036273018102372,0.35529360620652756
39,"frozenset({'sosis goreng', 'mie'})",frozenset({'teh'}),0.005479771481870118,0.0093272706074385,0.002817646979581806,0.5875,1.9448041296796605,0.005453490526015327,2.4174117648979836,0.5846823530204183,0.005500936329588015,0.009363295880149813,0.3018492509363296,0.5875,1.9463357890655293,0.0026746324818695735,1.692486664396777,0.28565074906367044
40,"frozenset({'mie', 'tahu krispy'})",frozenset({'teh'}),0.006529089425206949,0.01130931561151918,0.0034163969627429396,0.5773195876288659,1.9111038607073654,0.006490452313701054,2.3577709632832664,0.5739031906661229,0.006554307116104869,0.011352996254681648,0.3018492509363296,0.5773195876288659,1.9126089789457272,0.0031274137007462587,1.6517225038823422,0.27547033669253634
41,"frozenset({'mie', 'telur'})",frozenset({'teh'}),0.001049317943336831,0.002098635886673662,0.0006339705704059063,0.5,1.6551524507912003,0.0010479874699466823,1.9987320588591881,0.49936602942959407,0.0010716837342224339,0.0021433674684448677,0.30138128125744224,0.5,1.6590280521532992,0.00042571290037699927,1.3972374374851155,0.19861871874255776
42,"frozenset({'nasi goreng', 'nasi putih'})",frozenset({'teh'}),0.001049317943336831,0.0015156814737087559,0.0004578676341820434,0.6923076923076924,2.2917495472493545,0.0010486239618462906,3.248511930188909,0.6918498246735103,0.0010714285714285715,0.0015476190476190477,0.30142857142857143,0.6923076923076923,2.2967553773240974,0.0006049319727891157,2.2703571428571427,0.39087912087912086
43,"frozenset({'penyetan', 'nasi goreng'})",frozenset({'teh'}),0.0017488632388947185,0.0030313629474175117,0.0009157352683640868,0.576923076923077,1.9097912893744622,0.001746087312932556,2.3614718984565943,0.5760073416547129,0.0017857142857142857,0.0030952380952380953,0.30142857142857143,0.5769230769230769,1.913962814436748,0.000852721088435374,1.651168831168831,0.27549450549450544
44,"frozenset({'nasi goreng', 'tahu krispy'})",frozenset({'teh'}),0.0015156814737087559,0.001982045004080681,0.0005987499831611339,0.764705882352941,2.531409630621835,0.001514494724295938,4.247455312571562,0.7641071323697799,0.0015476190476190477,0.0020238095238095236,0.30142857142857143,0.7647058823529411,2.5369389461945913,0.0009375850340136055,2.968928571428571,0.4632773109243697
45,"frozenset({'penyetan', 'nasi putih'})",frozenset({'teh'}),0.0038474991255683807,0.006762271190392911,0.002042794060196809,0.5689655172413793,1.883449340555504,0.003833685198147206,2.3152607177803435,0.5669227231811825,0.003894724418741886,0.006845273220819072,0.3017821314764546,0.5689655172413793,1.8853519075425136,0.0018289432756244109,1.6198654549746254,0.26718338576492473
46,"frozenset({'tahu krispy', 'nasi putih'})",frozenset({'teh'}),0.0016322723563017372,0.002448408534452606,0.0007396323321402241,0.6666666666666666,2.206869934388267,0.001630461434187368,2.997781103003579,0.6659270343345264,0.0016523073291632244,0.0024784609937448365,0.3017821314764546,0.6666666666666666,2.2090992047972886,0.0009043520876896559,2.094653605570636,0.364884535190212
47,"frozenset({'teh', 'telur'})",frozenset({'nasi putih'}),0.002098635886673662,0.003847499125568381,0.000150723995125449,0.5454545454545454,13.923701298701298,0.0020980559762342147,2.1996684072107238,0.5453038214594199,0.0021433674684448677,0.003929507025482257,0.039056918313884255,0.5454545454545454,13.965631929046562,0.0019898930335367727,2.1140747797094543,0.5063976271406612
48,"frozenset({'sayur harian', 'pisang coklat keju'})",frozenset({'penyetan'}),0.001049317943336831,0.002098635886673662,0.00042085271366196794,0.5,2.493313953488372,0.0010484347267289361,1.999158294572676,0.499579147286338,0.0017790077090334058,0.0035580154180668115,0.20853923700336036,0.5,2.3976303317535543,0.0010370218885035606,1.5829215259932794,0.29146076299663964
49,"frozenset({'penyetan', 'pisang coklat keju'})",frozenset({'teh'}),0.0044304535385332865,0.008860907077066573,0.0026767646306027153,0.5,1.6551524507912003,0.004406734975874338,1.9946464707387945,0.49732323536939727,0.0075113658825854916,0.015022731765170983,0.2686301640640443,0.5,1.8612950699043413,0.003475806983817481,1.4627396718719115,0.23136983593595573
50,"frozenset({'penyetan', 'sosis goreng'})",frozenset({'teh'}),0.005013407951498193,0.008044770898915705,0.0024302205198893072,0.6231884057971014,2.0629436343194674,0.00499385738418184,2.6473967224664476,0.6207581852772122,0.005022777712884009,0.008059806097418526,0.3020675154771639,0.6231884057971014,2.063076543708038,0.0025881721098090986,1.8522054396952188,0.32112089031993757
51,"frozenset({'penyetan', 'tahu krispy'})",frozenset({'teh'}),0.006995452955578874,0.011775679141891102,0.0035572793117220293,0.5940594059405941,1.966517763316278,0.006953563575785948,2.4546515802321,0.5905021266288721,0.007006890108606796,0.011794931682821442,0.30211374518276307,0.594059405940594,1.9663435226398556,0.0034434791237347804,1.7191832130863638,0.29194566075783096
52,"frozenset({'sayur harian', 'pisang coklat keju'})",frozenset({'teh'}),0.0011659088259298124,0.002098635886673662,0.0006339705704059063,0.5555555555555556,1.8390582786568894,0.0011645783525396636,2.248573566216587,0.5549215849851497,0.0019766752322593396,0.0035580154180668115,0.2686301640640443,0.5555555555555556,2.068105633227046,0.001020884966761653,1.6455821308559004,0.2869253914915113
53,"frozenset({'tahu krispy', 'pisang coklat keju'})",frozenset({'teh'}),0.0013990905911157748,0.002098635886673662,0.0006339705704059064,0.6666666666666666,2.206869934388267,0.001397760117725626,2.9980980882887818,0.6660326960962607,0.0023720102787112077,0.0035580154180668115,0.2686301640640443,0.6666666666666666,2.4817267598724553,0.0014162200132135211,2.194109507807867,0.39803650260262236
54,"frozenset({'sayur harian', 'tahu krispy'})",frozenset({'teh'}),0.002098635886673662,0.0037309082429753996,0.0011270587918327222,0.5625,1.8620465071401004,0.0020944309337368955,2.283138151332954,0.5613729412081673,0.002101085560873118,0.0037352632193299873,0.30197268588770865,0.5625,1.862751256281407,0.0009731380940344722,1.5954910036852374,0.26052731411229135
55,"frozenset({'air putih', 'es jeruk', 'gorengan'})",frozenset({'penyetan'}),0.0013990905911157748,0.0015156814737087559,0.00030394918208919905,0.9230769230769231,4.60304114490161,0.0013986299009715332,12.99604866063285,0.9227729738948339,0.0014043300175541251,0.001521357519016969,0.20035108250438854,0.9230769230769231,4.607296908698777,0.0010995243917428844,10.395435927442955,0.7227258405725345
56,"frozenset({'air putih', 'es jeruk', 'penyetan'})",frozenset({'gorengan'}),0.0013990905911157748,0.002331817651859625,0.0005915862434938258,0.6,2.3649816176470586,0.0013977111198705985,2.498521034391265,0.5994084137565061,0.0014043300175541251,0.0023405500292568754,0.25406670567583384,0.6,2.3615845232611696,0.0008096741821513542,1.8648332358104152,0.34593329432416614
57,"frozenset({'air putih', 'es jeruk', 'teh'})",frozenset({'penyetan'}),0.001049317943336831,0.0013990905911157748,0.0002805684757746453,0.75,3.739970930232558,0.001048925402622211,3.9988777260969015,0.7497194315242254,0.001053247513165594,0.0014043300175541251,0.20035108250438854,0.75,3.743428738317757,0.000771888473955218,3.1985956699824456,0.5496489174956114
58,"frozenset({'air putih', 'mie', 'gorengan'})",frozenset({'teh'}),0.001982045004080681,0.0030313629474175117,0.0009157352683640869,0.653846153846154,2.164430127957724,0.0019792690781185187,2.886243431446949,0.6529304185777899,0.0019903992506732234,0.0030441400304414,0.30183819224915115,0.6538461538461539,2.166214119472459,0.0010715615269315153,2.016911889058008,0.3520079615970027
59,"frozenset({'air putih', 'penyetan', 'sayur harian'})",frozenset({'gorengan'}),0.001049317943336831,0.001982045004080681,0.0005028483069697519,0.5294117647058824,2.0867484861591694,0.0010483212753621912,2.1239314473476893,0.5289089163989126,0.001053247513165594,0.001989467524868344,0.25406670567583384,0.5294117647058824,2.0837510499363265,0.0005477900530732388,1.585108250438853,0.2753450590300485
60,"frozenset({'air putih', 'teh', 'sayur harian'})",frozenset({'gorengan'}),0.0011659088259298124,0.0022152267692666433,0.0005620069313191344,0.5263157894736843,2.074545278637771,0.0011646638531310409,2.1099246520338824,0.5257537825423652,0.0011702750146284377,0.0022235225277940315,0.25406670567583384,0.5263157894736842,2.0715653712817277,0.0006053519709958054,1.5747480657954618,0.27224908379785034
61,"frozenset({'air putih', 'sayur harian', 'gorengan'})",frozenset({'teh'}),0.0011659088259298124,0.002331817651859625,0.0007044117448954516,0.5,1.6551524507912003,0.001164266266188888,1.9985911765102091,0.49929558825510456,0.0011702750146284377,0.0023405500292568754,0.3019309537741369,0.5,1.6560077519379846,0.00046359051193882526,1.3961380924517262,0.19806904622586308
62,"frozenset({'air putih', 'penyetan', 'mie'})",frozenset({'teh'}),0.0017488632388947185,0.002448408534452606,0.000739632332140224,0.7142857142857143,2.364503501130286,0.0017470523167803494,3.4974112868375093,0.713546081953574,0.0017562346329469617,0.0024587284861257463,0.30183819224915115,0.7142857142857143,2.3664523994236952,0.0010140964714632744,2.4435663271279715,0.41244752203656315
63,"frozenset({'air putih', 'teh', 'sayur harian'})",frozenset({'penyetan'}),0.0011659088259298124,0.0022152267692666433,0.0004442334199765217,0.5263157894736843,2.624541003671971,0.0011649247481660776,2.110173285002272,0.5258715560537077,0.0011702750146284377,0.0022235225277940315,0.20035108250438854,0.5263157894736842,2.6269675356615836,0.0007247898692120091,1.6881477147129573,0.32596470696929564
64,"frozenset({'air putih', 'penyetan', 'sayur harian'})",frozenset({'teh'}),0.0011659088259298124,0.001982045004080681,0.0005987499831611338,0.5882352941176471,1.9472381774014123,0.0011647220765169945,2.427117321469466,0.587636544134486,0.0011702750146284377,0.001989467524868344,0.3019309537741369,0.5882352941176471,1.9482444140446877,0.0005695931873422671,1.695310540834239,0.28630434034351016
65,"frozenset({'es jeruk', 'mie', 'cireng isi'})",frozenset({'gorengan'}),0.001049317943336831,0.0017488632388947185,0.00044368968262036934,0.6,2.3649816176470586,0.0010485419907614194,2.498890775793449,0.5995563103173797,0.0010669828097213988,0.0017783046828689982,0.25299347954949614,0.6,2.371602624179944,0.0006170833203032077,1.8675163011262597,0.34700652045050384
66,"frozenset({'penyetan', 'es jeruk', 'cireng isi'})",frozenset({'gorengan'}),0.0012824997085227935,0.0022152267692666433,0.0005620069313191345,0.5789473684210527,2.2819998065015477,0.001281254735724022,2.373665233538117,0.5783853614897335,0.0013033175355450237,0.0022511848341232226,0.25296208530805686,0.5789473684210527,2.2886725009244424,0.0007338531254913413,1.774215047393365,0.3259852831129958
67,"frozenset({'teh', 'es jeruk', 'cireng isi'})",frozenset({'gorengan'}),0.0018654541214876996,0.003614317360382418,0.0009169586774154299,0.5161290322580645,2.034392789373814,0.0018621399418211637,2.0647716187333414,0.515212073580649,0.0018946121965660154,0.0036708111308466546,0.2528123149792777,0.5161290322580645,2.041550200196419,0.0009665859367249724,1.5441878823761594,0.2633167172787868
68,"frozenset({'es jeruk', 'cireng isi', 'penyetan'})",frozenset({'teh'}),0.0012824997085227935,0.0022152267692666433,0.0006691911576506788,0.5789473684210527,1.9164923114424426,0.0012810172983566091,2.37341067100058,0.578278177263402,0.0013033175355450237,0.0022511848341232226,0.3015402843601896,0.5789473684210527,1.9199669113845517,0.000624494620516161,1.65884182464455,0.27740708406086306
69,"frozenset({'mie', 'nasi putih', 'cireng isi'})",frozenset({'gorengan'}),0.0012824997085227935,0.002564999417045587,0.0006507448678432083,0.5,1.9708180147058822,0.0012808305483161303,1.9986985102643136,0.4993492551321568,0.0013075002971591585,0.002615000594318317,0.2530607393319862,0.5,1.9758102395490842,0.0006457463134073819,1.4938785213360277,0.2469392606680138
70,"frozenset({'nasi putih', 'gorengan', 'cireng isi'})",frozenset({'mie'}),0.0012824997085227935,0.0015156814737087559,0.00029741074038146627,0.8461538461538461,4.3122171945701355,0.0012820489285735152,6.49806683018752,0.8458564354134647,0.0013075002971591585,0.0015452276239153692,0.19446095328658028,0.8461538461538461,4.35127891668234,0.0010070138603678184,5.236003803637228,0.6516928928672658
71,"frozenset({'mie', 'gorengan', 'cireng isi'})",frozenset({'teh'}),0.005363180599277136,0.008161361781508687,0.0024654411071340803,0.657142857142857,2.175343221039863,0.005343059242450812,2.9094757967708578,0.6546774160357229,0.005453467694131594,0.008298755186721992,0.3016004742145821,0.6571428571428571,2.178852201257862,0.002950559194425519,2.0369986168741354,0.35554238292827506
72,"frozenset({'penyetan', 'sayur harian', 'cireng isi'})",frozenset({'gorengan'}),0.001049317943336831,0.0017488632388947185,0.00044368968262036934,0.6,2.3649816176470586,0.0010485419907614194,2.498890775793449,0.5995563103173797,0.0010663507109004739,0.0017772511848341231,0.25296208530805686,0.6,2.3718969555035128,0.0006167735450686193,1.8675947867298577,0.3470379146919431
73,"frozenset({'teh', 'pisang coklat keju', 'cireng isi'})",frozenset({'gorengan'}),0.001049317943336831,0.0018654541214876998,0.00047326899479506067,0.5625,2.2171702665441173,0.0010484350817399183,2.284632528011897,0.562026731005205,0.0018163471241170535,0.003229061553985873,0.21594349142280525,0.5625,2.6048481308411215,0.001119052298130195,1.7921291624621596,0.3465565085771948
74,"frozenset({'gorengan', 'pisang coklat keju', 'cireng isi'})",frozenset({'teh'}),0.001049317943336831,0.0016322723563017372,0.0004930882214268159,0.6428571428571429,2.128053151017258,0.001048513089063778,2.798619352980005,0.6423640546357161,0.0018163471241170535,0.0028254288597376388,0.2676084762865792,0.6428571428571429,2.4022301228183585,0.001060238412106537,2.0506962663975785,0.3752486665705637
75,"frozenset({'teh', 'sosis goreng', 'cireng isi'})",frozenset({'gorengan'}),0.001049317943336831,0.002098635886673662,0.0005324276191444432,0.5,1.9708180147058822,0.0010482005716282385,1.9989351447617112,0.49946757238085554,0.0010654670297146917,0.0021309340594293834,0.25275245649342964,0.5,1.9782201405152222,0.0005268682115683991,1.4944950870131408,0.24724754350657036
76,"frozenset({'sosis goreng', 'gorengan', 'cireng isi'})",frozenset({'teh'}),0.001049317943336831,0.0012824997085227935,0.0003874264596924983,0.8181818181818182,2.7084312831128736,0.0010488210690152015,5.497869154471693,0.8177943917221258,0.0010654670297146917,0.001302237480762401,0.30129039895821,0.8181818181818182,2.7155920700125025,0.0006731153795974536,3.8429028057298456,0.5168914192236083
77,"frozenset({'tahu krispy', 'gorengan', 'cireng isi'})",frozenset({'teh'}),0.001049317943336831,0.0018654541214876998,0.0005635293959163611,0.5625,1.8620465071401004,0.0010482667051026394,2.28442621852362,0.5619364706040837,0.001065340909090909,0.001893939393939394,0.3013731060606061,0.5625,1.866457187745483,0.000494558511248852,1.5968614718614718,0.2611268939393939
78,"frozenset({'teh', 'nasi putih', 'cireng isi'})",frozenset({'mie'}),0.0018654541214876996,0.0022152267692666433,0.00043467723594214306,0.8421052631578947,4.291584576414297,0.0018644912128386497,6.330580377505698,0.8416705859219525,0.001901818614049685,0.002258409604184001,0.19446095328658028,0.8421052631578947,4.330459400334577,0.0014626461295084957,5.1017472958516565,0.6476443098713144
79,"frozenset({'mie', 'nasi putih', 'cireng isi'})",frozenset({'teh'}),0.0018654541214876996,0.002564999417045587,0.0007748529193849964,0.7272727272727273,2.40749447387811,0.001863466624201181,3.6638255392955887,0.7264978743533423,0.001901818614049685,0.002615000594318317,0.3015571139902532,0.7272727272727273,2.4117246568961193,0.0011132465817442565,2.560957248702405,0.4257156132824741
80,"frozenset({'nasi putih', 'cireng isi'})","frozenset({'teh', 'mie'})",0.0018654541214876996,0.0034977264777894365,0.0003140083231780187,0.5333333333333333,5.940779220779221,0.0018643558062614736,2.1421842678789043,0.5330193250101553,0.001901818614049685,0.0035659099013431593,0.08867229288006656,0.5333333333333333,6.014655942806077,0.001585621206893855,1.9528450866855718,0.44466104045326676
81,"frozenset({'penyetan', 'mie', 'cireng isi'})",frozenset({'teh'}),0.002448408534452606,0.0034977264777894374,0.0010566176173431772,0.7,2.3172134311076804,0.0024447127750355257,3.3298112746088555,0.6989433823826567,0.0024896265560165973,0.0035566093657379964,0.3016004742145821,0.7,2.320951257861635,0.0014169514847139936,2.327998419284726,0.3983995257854179
82,"frozenset({'penyetan', 'tahu krispy', 'cireng isi'})",frozenset({'teh'}),0.0013990905911157748,0.0018654541214876994,0.0005635293959163611,0.7500000000000001,2.482728676186801,0.0013980393528815831,3.9977458824163365,0.7494364706040838,0.0014218009478672985,0.0018957345971563982,0.3015402843601896,0.75,2.487229862475442,0.0008501605983693087,2.793838862559242,0.4484597156398104
83,"frozenset({'french fries', 'es jeruk', 'penyetan'})",frozenset({'teh'}),0.0011659088259298124,0.0018654541214876996,0.0005635293959163611,0.6250000000000001,2.068940563489001,0.0011648575876956207,2.6651639216108904,0.6244364706040838,0.0011690437222352116,0.0018704699555763386,0.3018470890811316,0.625,2.0705848179705657,0.0006044478109307802,1.861741095783649,0.3231529109188684
84,"frozenset({'es jeruk', 'sayur harian', 'gorengan'})",frozenset({'penyetan'}),0.0016322723563017372,0.0032645447126034744,0.0006546597768075057,0.5,2.493313953488372,0.0016301351901888061,1.998690680446385,0.4993453402231925,0.0016366612111292963,0.0032733224222585926,0.20049099836333878,0.5,2.4938775510204083,0.0009803895307255687,1.5990180032733226,0.2995090016366612
85,"frozenset({'teh', 'kopi', 'es jeruk'})",frozenset({'penyetan'}),0.001049317943336831,0.001982045004080681,0.0003974720073474142,0.5294117647058824,2.6399794801641585,0.0010485301359304062,2.124155371984387,0.529014292698535,0.0010521393500116905,0.00198737432779986,0.20049099836333878,0.5294117647058824,2.640576230492197,0.0006536886869094273,1.6989566284779052,0.3289207663425436
86,"frozenset({'es jeruk', 'kopi', 'penyetan'})",frozenset({'teh'}),0.001049317943336831,0.002098635886673662,0.0006339705704059063,0.5,1.6551524507912003,0.0010479874699466823,1.9987320588591881,0.49936602942959407,0.0010521393500116905,0.002104278700023381,0.3018470890811316,0.5,1.6564678543764524,0.0004169689497942052,1.3963058218377369,0.19815291091886839
87,"frozenset({'es jeruk', 'mie', 'penyetan'})",frozenset({'teh'}),0.002448408534452606,0.0043138626559403054,0.0013031617280565852,0.5675675675675675,1.8788217008981194,0.002442786873739292,2.309486438503869,0.566264405839511,0.0024578651685393258,0.0043305243445692886,0.3018492509363296,0.5675675675675675,1.8803013948419143,0.0011506996389695464,1.6144736072097379,0.26571831663123796
88,"frozenset({'teh', 'sayur harian', 'es jeruk'})",frozenset({'penyetan'}),0.0013990905911157748,0.0027981811822315496,0.0005611369515492906,0.5,2.493313953488372,0.0013975204282572948,1.9988777260969015,0.4994388630484507,0.0014028524666822538,0.0028057049333645077,0.20049099836333878,0.5,2.4938775510204083,0.0008403338834790588,1.5990180032733226,0.2995090016366612
89,"frozenset({'teh', 'sosis goreng', 'es jeruk'})",frozenset({'penyetan'}),0.001049317943336831,0.0016322723563017372,0.0003273298884037528,0.6428571428571429,3.205689368770764,0.0010487836518085984,2.79908347631247,0.6425298129687391,0.0010521393500116905,0.0016366612111292963,0.20049099836333878,0.6428571428571429,3.206413994169097,0.0007240035098098267,2.238625204582652,0.4423661444938041
90,"frozenset({'es jeruk', 'sosis goreng', 'penyetan'})",frozenset({'teh'}),0.001049317943336831,0.0015156814737087559,0.0004578676341820434,0.6923076923076924,2.2917495472493545,0.0010486239618462906,3.248511930188909,0.6918498246735103,0.0010521393500116905,0.001519756838905775,0.3018470890811316,0.6923076923076923,2.2935708752904724,0.0005934051720768401,2.2689969604863225,0.3904606032265607
91,"frozenset({'penyetan', 'float', 'nasi putih'})",frozenset({'mie'}),0.0011659088259298124,0.0012824997085227935,0.0002516552418612407,0.9090909090909092,4.632960622265435,0.001165586078155477,10.997231792339536,0.908839253849048,0.001414027149321267,0.0015554298642533936,0.18707579185520362,0.9090909090909091,4.859479145193431,0.0011230438757908316,8.942166289592757,0.7220151172357054
92,"frozenset({'teh', 'float', 'nasi putih'})",frozenset({'mie'}),0.0011659088259298124,0.0013990905911157748,0.0002745329911213535,0.8333333333333334,4.246880570409982,0.0011655247294049837,5.998352802053273,0.833058800342212,0.001414027149321267,0.0016968325791855204,0.18707579185520362,0.8333333333333334,4.454522549760645,0.0010965908509244283,4.877545248868779,0.6462575414781297
93,"frozenset({'french fries', 'penyetan', 'mie'})",frozenset({'teh'}),0.001049317943336831,0.0018654541214876998,0.0005635293959163611,0.5625,1.8620465071401004,0.0010482667051026394,2.28442621852362,0.5619364706040837,0.001053370786516854,0.0018726591760299626,0.3018492509363296,0.5625,1.863512989530826,0.00048811001697316554,1.595773140716961,0.2606507490636704
94,"frozenset({'french fries', 'penyetan', 'tahu krispy'})",frozenset({'teh'}),0.0012824997085227935,0.002098635886673662,0.0006339705704059063,0.611111111111111,2.0229641065225783,0.0012811692351326447,2.5697983613903843,0.6104771405407051,0.001284596519911246,0.002102067032582039,0.30211374518276307,0.6111111111111112,2.022784864493407,0.000649533176072669,1.7945646552443235,0.3089973659283481
95,"frozenset({'kerupuk', 'teh', 'gorengan'})",frozenset({'penyetan'}),0.0015156814737087559,0.0025649994170455865,0.000514375538920183,0.5909090909090909,2.9466437632135305,0.0015143621007512832,2.443187082015973,0.5903947153701707,0.0015251055842327545,0.002580947911778508,0.20049272641952134,0.5909090909090909,2.947284430022874,0.0010076443006535112,1.9543511131967257,0.3904163644895696
96,"frozenset({'kerupuk', 'penyetan', 'gorengan'})",frozenset({'teh'}),0.0015156814737087559,0.0029147720648245302,0.0008805146811193143,0.52,1.7213585488228484,0.0015131149741135614,2.0814989277476683,0.5191194853188807,0.0015251055842327545,0.002932895354293759,0.3022055373064289,0.52,1.7206832298136647,0.00063876836782488,1.4537384639449398,0.2177944626935711
97,"frozenset({'kopi', 'tahu krispy', 'gorengan'})",frozenset({'teh'}),0.0012824997085227935,0.001982045004080681,0.0005987499831611338,0.6470588235294117,2.1419619951415534,0.0012813129591099756,2.8316368750477094,0.6464600735462506,0.0012842965557501459,0.00198482194979568,0.3018096906012843,0.6470588235294118,2.143929912390488,0.0006852580571836738,1.9782058766296944,0.3452491329281275
98,"frozenset({'mie', 'teh', 'nasi goreng'})",frozenset({'gorengan'}),0.0018654541214876996,0.0034977264777894365,0.0008873793652407386,0.5333333333333333,2.102205882352941,0.001862350311186053,2.140955615645913,0.5324459539680926,0.0019047619047619048,0.0035714285714285713,0.2530952380952381,0.5333333333333333,2.1072436500470366,0.0010008503401360545,1.6005102040816328,0.28023809523809523
99,"frozenset({'teh', 'nasi goreng', 'gorengan'})",frozenset({'mie'}),0.0018654541214876996,0.0033811355951964554,0.0006634547285432709,0.5517241379310345,2.8117278259266087,0.0018632108910892206,2.229289216374788,0.5510606832024912,0.0019047619047619048,0.0034523809523809524,0.19488095238095238,0.5517241379310345,2.8310829313504517,0.0012319586167800455,1.7960347985347984,0.3568431855500821
100,"frozenset({'mie', 'nasi goreng', 'gorengan'})",frozenset({'teh'}),0.0018654541214876996,0.0027981811822315496,0.0008452940938745417,0.6666666666666666,2.206869934388267,0.0018630888354607684,2.997464117718376,0.6658213725727921,0.0019047619047619048,0.002857142857142857,0.30142857142857143,0.6666666666666666,2.211690363349131,0.0010435374149659862,2.0957142857142856,0.3652380952380952
101,"frozenset({'penyetan', 'nasi putih', 'gorengan'})",frozenset({'mie'}),0.0012824997085227935,0.001982045004080681,0.0003889217374219175,0.6470588235294117,3.29757785467128,0.001281728848136158,2.832231388410637,0.6466699017919898,0.001298241472913962,0.0020063731854124867,0.19697863802667295,0.6470588235294118,3.2849187607937127,0.000903028815478173,2.27522719225776,0.45008018550273887
102,"frozenset({'teh', 'nasi putih', 'gorengan'})",frozenset({'mie'}),0.004080680890754343,0.005246589716684155,0.0010294987167050755,0.7777777777777779,3.963755199049317,0.004075279533373939,4.49536725577483,0.7767482790610728,0.0041307683229080605,0.005310987843738935,0.19697863802667295,0.7777777777777778,3.94853871246921,0.0030846171708721485,3.613596128879972,0.5807991397511049
103,"frozenset({'penyetan', 'mie', 'gorengan'})",frozenset({'teh'}),0.004896817068905212,0.00664568030779993,0.0020075734729520364,0.736842105263158,2.4391720327449273,0.004883475377409553,3.7923712208027833,0.734834531790206,0.0049157303370786515,0.006671348314606741,0.3018492509363296,0.7368421052631579,2.441093038917573,0.002901988845579262,2.6529728464419473,0.43499285432682827
104,"frozenset({'gorengan', 'mie', 'pisang coklat keju'})",frozenset({'teh'}),0.0011659088259298124,0.0018654541214876996,0.0005635293959163611,0.6250000000000001,2.068940563489001,0.0011648575876956207,2.6651639216108904,0.6244364706040838,0.0019766752322593396,0.003162680371614944,0.2686301640640443,0.625,2.3266188373804266,0.0011270838851502847,1.950319562495882,0.3563698359359557
105,"frozenset({'mie', 'tahu krispy', 'gorengan'})",frozenset({'teh'}),0.0013990905911157748,0.002098635886673662,0.0006339705704059064,0.6666666666666666,2.206869934388267,0.001397760117725626,2.9980980882887818,0.6660326960962607,0.0014044943820224719,0.002106741573033708,0.3018492509363296,0.6666666666666666,2.20860798759209,0.0007685760162858225,2.094452247191011,0.36481741573033705
106,"frozenset({'penyetan', 'nasi putih', 'gorengan'})",frozenset({'teh'}),0.001049317943336831,0.001982045004080681,0.0005987499831611337,0.5294117647058824,1.7525143596612711,0.0010481311939240132,2.1237276562857827,0.5288130147227212,0.0010621975687477871,0.0020063731854124867,0.3017821314764546,0.5294117647058824,1.754284662633141,0.0004567099923168031,1.483712970612534,0.22762963322942775
107,"frozenset({'penyetan', 'gorengan', 'pisang coklat keju'})",frozenset({'teh'}),0.0013990905911157748,0.0022152267692666433,0.0006691911576506788,0.6315789473684211,2.0907188852099376,0.0013976081809495904,2.7124693382863776,0.6309097562107705,0.0023720102787112077,0.0037556829412927458,0.2686301640640443,0.631578947368421,2.351109561984431,0.001363120554019205,1.985146697540451,0.36294878330437674
108,"frozenset({'penyetan', 'sosis goreng', 'gorengan'})",frozenset({'teh'}),0.0012824997085227935,0.0015156814737087559,0.0004578676341820434,0.8461538461538461,2.801027224415878,0.001281805727032253,6.497023860377816,0.845695978519664,0.0012854972537104125,0.0015192240271123057,0.301974991235246,0.8461538461538461,2.8020659680876396,0.0008267295914387989,4.5371625569709,0.5441788549186002
109,"frozenset({'penyetan', 'tahu krispy', 'gorengan'})",frozenset({'teh'}),0.0012824997085227935,0.0017488632388947185,0.0005283088086715886,0.7333333333333333,2.427556927827094,0.0012815757686685234,3.7480188419674807,0.7328050245246617,0.0012854972537104125,0.0017529508005141988,0.301974991235246,0.7333333333333333,2.428457172342621,0.0007561499510893198,2.617593782867827,0.43135834209808727
110,"frozenset({'penyetan', 'kopi', 'mie'})",frozenset({'teh'}),0.0015156814737087559,0.002331817651859625,0.0007044117448954515,0.6499999999999999,2.1516981860285602,0.0015140389139678314,2.855130252157441,0.6492955882551045,0.0015215355805243446,0.0023408239700374533,0.3018492509363296,0.65,2.1533927879022876,0.0008149596185947341,1.9947164258962016,0.34815074906367044
111,"frozenset({'penyetan', 'kopi', 'tahu krispy'})",frozenset({'teh'}),0.0012824997085227935,0.0022152267692666433,0.0006691911576506788,0.5789473684210527,1.9164923114424426,0.0012810172983566091,2.37341067100058,0.578278177263402,0.001284596519911246,0.0022188485343921523,0.30211374518276307,0.5789473684210527,1.9163225032042805,0.000614251879192748,1.6574798551909378,0.2768336232382896
112,"frozenset({'teh', 'nasi putih', 'penyetan'})",frozenset({'mie'}),0.0030313629474175117,0.0038474991255683807,0.0007549657255837222,0.7878787878787878,4.01523253929671,0.0030284582174484945,4.710726590150819,0.7871238221532041,0.003068570754160274,0.003894724418741886,0.19697863802667295,0.7878787878787878,3.999818436007771,0.002301393242667272,3.785672135017113,0.5909001498521149
113,"frozenset({'mie', 'penyetan', 'nasi putih'})",frozenset({'teh'}),0.0030313629474175117,0.00466363530371925,0.001408823489790903,0.6499999999999999,2.1516981860285602,0.003024792708453814,2.8531176471720254,0.648591176510209,0.003068570754160274,0.004720878083323498,0.3017821314764546,0.65,2.1538717246773564,0.001643894103734429,1.9949081957815584,0.3482178685235454
114,"frozenset({'teh', 'tahu krispy', 'nasi putih'})",frozenset({'mie'}),0.0015156814737087559,0.0016322723563017372,0.0003202884896415791,0.9285714285714285,4.732238349885408,0.0015151586756610722,13.995515961145003,0.9282511400817869,0.001534285377080137,0.0016523073291632244,0.19697863802667295,0.9285714285714286,4.714071728152016,0.0012088161297800753,11.242299067626584,0.7315927905447557
115,"frozenset({'mie', 'tahu krispy', 'nasi putih'})",frozenset({'teh'}),0.0015156814737087559,0.001982045004080681,0.0005987499831611339,0.764705882352941,2.531409630621835,0.001514494724295938,4.247455312571562,0.7641071323697799,0.001534285377080137,0.0020063731854124867,0.3017821314764546,0.7647058823529411,2.5339667349145367,0.0009287978006491529,2.967425941225067,0.4629237508764865
116,"frozenset({'tahu krispy', 'nasi putih'})","frozenset({'teh', 'mie'})",0.0015156814737087559,0.002448408534452606,0.0002198058262246131,0.619047619047619,6.895547309833024,0.0015151432992479051,2.6244230097061596,0.6188278132213944,0.001534285377080137,0.0024784609937448365,0.09005074943939573,0.6190476190476191,6.874430506147413,0.0013110981071371049,2.3886167827215865,0.5289968696082233
117,"frozenset({'penyetan', 'mie', 'pisang coklat keju'})",frozenset({'teh'}),0.001049317943336831,0.0015156814737087559,0.0004578676341820434,0.6923076923076924,2.2917495472493545,0.0010486239618462906,3.248511930188909,0.6918498246735103,0.0017790077090334058,0.002569677801937142,0.2686301640640443,0.6923076923076923,2.577177789098319,0.0010887147395072987,2.376951966791856,0.423677528243648
118,"frozenset({'penyetan', 'sosis goreng', 'mie'})",frozenset({'teh'}),0.0011659088259298124,0.0013990905911157748,0.00042264704693727086,0.8333333333333334,2.7585874179853342,0.0011653175044230796,5.997464117718377,0.8329106862863961,0.0011704119850187266,0.0014044943820224719,0.3018492509363296,0.8333333333333334,2.7607599844901127,0.0007464664078609604,4.188904494382024,0.5314840823970037
119,"frozenset({'mie', 'penyetan', 'tahu krispy'})",frozenset({'teh'}),0.0017488632388947185,0.002681590299638568,0.0008100735066297691,0.6521739130434784,2.158894501032001,0.001746690953637346,2.8726710386684404,0.6513638395368486,0.0017556179775280898,0.0026919475655430712,0.3018492509363296,0.6521739130434783,2.160594770470523,0.0009430556213090378,2.0071834035580527,0.3503246621071487
120,"frozenset({'teh', 'sosis goreng', 'tahu krispy'})",frozenset({'penyetan'}),0.001049317943336831,0.002098635886673662,0.00042085271366196794,0.5,2.493313953488372,0.0010484347267289361,1.999158294572676,0.499579147286338,0.0010512790561850252,0.0021025581123700504,0.20067749094731924,0.5,2.491559953434226,0.0006293429696236718,1.5986450181053615,0.29932250905268076
121,"frozenset({'penyetan', 'sosis goreng', 'tahu krispy'})",frozenset({'teh'}),0.001049317943336831,0.0011659088259298124,0.0003522058724477258,0.8999999999999999,2.9792744114241603,0.0010489073034016,9.996477941275513,0.8996477941275521,0.0010512790561850252,0.0011680878402055834,0.3020675154771639,0.9,2.979466357308585,0.0006984376644350381,6.979324845228362,0.5979324845228362
122,"frozenset({'penyetan', 'mie', 'gorengan', 'cireng isi'})",frozenset({'teh'}),0.001049317943336831,0.0012824997085227935,0.0003874264596924983,0.8181818181818182,2.7084312831128736,0.0010488210690152015,5.497869154471693,0.8177943917221258,0.0010669828097213988,0.0013040901007705986,0.3016004742145821,0.8181818181818182,2.712800171526587,0.0006736686169104442,3.8411973918197995,0.5165813439672362
